episode,total_reward,target_reward,iplt_reward,lot_move_reward,priority_reward,total_outputs,iplt_over_count,target_meet_rate,avg_wip,priority_lots_processed,priority_lots_available,priority_process_rate,AVG_ULOT_CYCLE_TIME,L2_STRATEGY_COUNT,POLICY_SWITCH_COUNT,TOTAL_ACTION_STEPS
1,1154.4142857142851,211.59999999999997,63.214285714285715,429.6000000000001,450.0,2163.0,430,84.82352941176471,608.9565217391304,14,14,100.0,5307.8,0,66,71
2,1279.0499999999997,215.9,76.75,436.4,550.0,2201.0,467,86.31372549019608,548.3478260869565,15,15,100.0,4714.6,1,50,71
3,1378.25,218.79999999999995,72.25,437.2,650.0,2224.0,303,87.2156862745098,622.8695652173913,15,15,100.0,4299.0,2,59,71
4,1226.5952380952376,217.1999999999999,91.1952380952381,438.20000000000005,480.0,2208.0,270,86.58823529411764,676.3913043478261,11,11,100.0,3230.866666666667,3,67,71
5,1294.2790209790207,222.99999999999997,92.47902097902099,448.80000000000007,530.0,2266.0,193,88.86274509803923,654.7391304347826,15,15,100.0,4892.6,4,57,71
6,1184.670238095238,216.09999999999997,82.9702380952381,435.6,450.0,2197.0,236,86.15686274509804,666.0,10,10,100.0,3587.133333333333,5,54,71
7,1310.7953781512601,216.90000000000003,77.8953781512605,435.99999999999983,580.0,2205.0,269,86.47058823529412,654.7391304347826,14,14,100.0,4328.666666666667,5,65,71
8,1209.4798128342236,224.9,75.1798128342246,449.40000000000003,460.0,2285.0,159,89.6078431372549,661.695652173913,11,11,100.0,3527.733333333333,5,61,71
9,1292.2714285714283,215.49999999999983,81.37142857142857,435.40000000000015,560.0,2202.0,301,86.3529411764706,628.8260869565217,12,12,100.0,3587.0,6,65,71
10,1170.6940476190473,214.89999999999992,90.79404761904762,434.9999999999999,430.0,2194.0,229,86.0392156862745,652.8695652173913,11,11,100.0,3794.733333333333,7,55,71
11,1332.1000000000001,215.5,80.2,436.4,600.0,2191.0,332,85.92156862745098,656.1304347826087,14,14,100.0,4031.6,8,59,71
12,1384.819047619047,206.99999999999997,76.61904761904762,421.19999999999993,680.0,2106.0,290,82.58823529411765,687.5652173913044,15,15,100.0,3824.266666666667,9,59,71
13,1051.7570512820516,215.7,87.65705128205127,438.3999999999999,310.0,2193.0,279,86.0,679.7826086956521,9,9,100.0,3824.2,10,65,71
14,1234.6972527472524,226.59999999999994,75.49725274725274,452.59999999999985,480.0,2302.0,37,90.27450980392156,675.2173913043479,10,10,100.0,2845.0666666666666,10,65,71
15,1241.6810606060603,220.29999999999998,84.58106060606062,446.80000000000007,490.0,2239.0,128,87.80392156862746,705.6086956521739,12,12,100.0,3676.0,11,63,71
16,1294.0333333333328,218.3,94.33333333333334,441.40000000000003,540.0,2219.0,124,87.01960784313727,645.8260869565217,14,14,100.0,4299.2,12,63,71
17,1148.4333333333338,217.50000000000003,85.33333333333334,435.6000000000001,410.0,2211.0,236,86.70588235294117,691.0434782608696,10,10,100.0,3319.866666666667,12,59,71
18,1328.8999999999994,217.9,91.0,439.99999999999994,580.0,2215.0,226,86.86274509803921,691.4347826086956,15,15,100.0,4654.666666666667,13,49,71
19,1137.7207792207787,219.59999999999994,96.92077922077921,441.2,380.0,2232.0,251,87.52941176470588,654.2608695652174,9,9,100.0,3290.4,14,54,71
20,1359.2628787878782,220.39999999999995,98.4628787878788,440.4000000000001,600.0,2240.0,162,87.84313725490196,674.2608695652174,15,15,100.0,4892.333333333333,15,58,71
21,1375.7666666666662,215.70000000000002,86.86666666666667,433.1999999999999,640.0,2203.0,140,86.3921568627451,688.1739130434783,15,15,100.0,4150.666666666667,16,57,71
22,1070.9940065681449,214.50000000000009,97.0940065681445,429.40000000000015,330.0,2181.0,73,85.52941176470588,699.9565217391304,9,9,100.0,3587.0666666666666,17,55,71
23,1398.6727272727278,218.39999999999998,92.27272727272728,438.0,650.0,2220.0,224,87.05882352941177,664.9130434782609,15,15,100.0,3913.0,18,51,71
24,1270.666666666667,211.99999999999991,96.66666666666667,431.99999999999994,530.0,2156.0,270,84.54901960784314,667.7391304347826,15,15,100.0,5041.0,19,45,71
25,1258.928571428571,218.80000000000004,108.92857142857143,441.19999999999976,490.0,2224.0,221,87.2156862745098,690.0869565217391,12,12,100.0,3705.6666666666665,20,54,71
26,1190.7758403361343,213.99999999999994,105.57584033613445,431.2,440.0,2176.0,176,85.33333333333334,694.1304347826087,10,10,100.0,3082.5333333333333,21,47,71
27,1131.4448240165632,214.79999999999995,114.24482401656314,432.4000000000001,370.0,2184.0,137,85.6470588235294,718.7391304347826,9,9,100.0,3290.5333333333333,22,39,71
28,1153.2083333333326,209.6000000000001,106.00833333333333,427.59999999999997,410.0,2132.0,178,83.6078431372549,694.0,10,10,100.0,3320.133333333333,22,49,71
29,1282.2785714285708,221.5999999999999,98.07857142857142,442.59999999999985,520.0,2250.0,147,88.23529411764706,644.8695652173913,15,15,100.0,4981.8,23,47,71
30,1376.0097902097907,210.8,99.0097902097902,426.20000000000016,640.0,2144.0,169,84.07843137254902,704.6086956521739,15,15,100.0,4031.866666666667,24,56,71
31,1338.5750000000003,213.50000000000006,91.875,433.19999999999993,600.0,2171.0,115,85.13725490196077,696.3478260869565,15,15,100.0,4477.066666666667,25,54,71
32,1343.274025974026,215.09999999999994,105.97402597402598,432.20000000000005,590.0,2187.0,141,85.76470588235294,688.7826086956521,15,15,100.0,4358.533333333334,26,52,71
33,1290.1899350649346,223.8999999999999,97.88993506493506,448.3999999999999,520.0,2275.0,131,89.2156862745098,690.5652173913044,12,12,100.0,3349.733333333333,27,48,71
34,1151.2289473684211,210.50000000000014,84.92894736842103,425.80000000000007,430.0,2141.0,162,83.96078431372548,687.3913043478261,9,9,100.0,2904.5333333333333,28,45,71
35,1170.1455054749174,224.29999999999998,117.84550547491723,447.99999999999994,380.0,2279.0,19,89.37254901960785,696.1304347826087,9,9,100.0,3231.2,29,57,71
36,1367.0226190476187,204.89999999999992,106.52261904761903,415.5999999999999,640.0,2085.0,243,81.76470588235294,716.2173913043479,15,15,100.0,3972.3333333333335,30,48,71
37,1170.4499999999994,210.99999999999997,88.25,431.20000000000005,440.0,2146.0,224,84.15686274509804,692.0869565217391,10,10,100.0,3082.5333333333333,31,50,71
38,1144.1000000000001,220.00000000000003,113.5,440.59999999999985,370.0,2236.0,105,87.68627450980392,709.4782608695652,9,9,100.0,3319.9333333333334,32,52,71
39,1235.7026483320597,218.69999999999996,105.6026483320601,441.39999999999986,470.0,2223.0,146,87.17647058823529,688.0,15,15,100.0,5426.533333333334,32,47,71
40,1238.4461538461535,219.8,106.84615384615384,441.8000000000001,470.0,2234.0,41,87.6078431372549,679.6521739130435,11,11,100.0,3320.0,33,45,71
41,1235.314705882353,213.7999999999999,99.51470588235294,432.0,490.0,2172.0,107,85.1764705882353,680.9565217391304,15,15,100.0,5248.533333333334,34,52,71
42,1139.6113636363639,220.19999999999996,85.61136363636363,443.79999999999995,390.0,2238.0,192,87.76470588235294,681.5652173913044,10,10,100.0,3557.133333333333,35,52,71
43,1186.3626728110598,210.3,104.4626728110599,421.6,450.0,2139.0,60,83.88235294117648,703.8260869565217,9,9,100.0,2667.0666666666666,36,36,71
44,1132.4431857358325,210.20000000000002,116.84318573583279,425.4000000000001,380.0,2138.0,101,83.84313725490196,718.6521739130435,9,9,100.0,3082.5333333333333,37,33,71
45,1147.7749999999992,211.6999999999999,107.875,428.2,400.0,2153.0,122,84.43137254901961,713.6521739130435,10,10,100.0,3587.0,38,24,71
46,1342.3090909090906,211.2,103.9090909090909,427.2,600.0,2148.0,48,84.23529411764706,706.7826086956521,12,12,100.0,2875.0666666666666,39,34,71
47,1252.384414550966,217.89999999999998,97.88441455096627,436.5999999999999,500.0,2215.0,10,86.86274509803921,695.6086956521739,10,10,100.0,2845.3333333333335,40,21,71
48,1160.6301764025452,218.39999999999992,84.43017640254482,437.79999999999995,420.0,2220.0,60,87.05882352941177,681.0,9,9,100.0,3290.266666666667,41,39,71
49,1262.6838161838157,220.59999999999994,99.68381618381618,442.40000000000003,500.0,2242.0,78,87.92156862745098,689.9565217391304,10,10,100.0,2726.4,42,53,71
50,1069.231578947369,214.00000000000003,73.63157894736841,431.6000000000001,350.0,2176.0,101,85.33333333333334,701.304347826087,8,8,100.0,3082.4666666666667,43,31,71
